USERNAME,PUBLIC_KEY_X, PUBLIC_KEY_Y
wvdszxsq,N3_D6fqbWBJcdzPMuwHF6jMFRRdjv57u-Up8EuII6NY,psb4kTaCg_B0GoYnQ5MLKPWdUHh9ZLVeDAjjtLeagNI
usuario1,XLksXE89pufWuuaXH4gnTYCsrnMcP6DAK3YfBtx5yYA,7a9OPiA5kMH8Ir-nV6sy5fiy5kbxsDhzbeQsz-J4t5A
usuario2,p53g3z2X_QVrf6Pp2pozSP89XY7LjFGNW2LyBbLT-6Q,hPQz-4gP2tOmg9uN-ZJzmLokAGsL3V4gU-ZgaUBXt40
usuario3,tKtDlIKIRr5BikVjBjxUFmVqlwExPsmWdJXE8MmQCrI,LMc1bVT6G4QL2pg68Dtm-W1eND-sftzf-gbONx8WIEI
usuario1,mloICOxErLtdd1wJvflLd4a793GmAHpa3POmOMpjXxg,STCtmuNn3KrxuB_KdIT6Pcd-4esv1Qy6721t6i32ay0
usuario2,HrChF0J82-hUAR8uDF-YKpdlP3rfXlovAkfS3Wo-qb8,uCOGx7BO8Cr43inHagPxjc5Iz7vTYQFZqsx8MxNj_Mo
usuario3,k3SVDY_36y5YIR9pIUlxxKvonETgPJXF51xVsofzWtg,FgCJvFHaRdI3GxCSp9v2K90CF_xGuCpzgH1t-efurTA
jaime,APswtrRU5MTl9mPx7mJSKc0HOMWRZc5HN5jdYagM62I,6Z4t-Dug6MhjQJ9ihByQfWvI1f8esqv1dCS86a1F9ao
alice,eSRJfW6zxo8ZKPqrMDKVIeOHlPjv2VJd3nOvE6k7IBI,9-8qGfRqUM3aKDc7HVSfV_JyRAmp_DgdV6gPJO6fxPk
